straekn_nr,rute_ty_k,rute_ty,rute_uty_k,rute_uty,navn,navndels,afm_rute_k,afm_rute,laengde,beskrivels,lang_beskr,uk_k_beskr,uk_l_beskr,d_k_beskr,d_l_beskr,ansvar_org,kontak_ved,betaling_k,betaling,belaegn_k,belaegn,handicap_k,handikap,ansva_v_k,ansva_v,startpkt_x,startpkt_y,slutpkt_x,slutpkt_y,svaerhed_k,svaerhed,obs,kategori_k,kategori,certifi_k,certifi,hierarki_k,hierarki,folder_k,folder,folde_link,foto_link1,foto_link2,filmlink,gpx_link,adr_id,link,temakode,temanavn,cvr_kode,cvr_navn,kommunekode,bruger_id,oprindkode,oprindelse,statuskode,status,off_kode,offentlig,versions_id,systid_fra,systid_til,oprettet
,"3",Cykelrute,"8",Andet,Limfjordsruten,Vesthimmerland,"0",,7.3,,,,,,,,,"0",,"9",Ukendt,"9",Ukendt,"2",Kommune,"523889","6317797","0","0","9",Ukendt,,"2",Regional,"0","0","1",Hovedrute,"1",Ja,,,,,,,,"5802",t_5802_fac_li_t,"29189471",Vesthimmerlands Kommune,"820",Vesthimmerlands Kommune,"4",FOT / Tekniske kort,"3",Gældende / Vedtaget,"1",Synlig for alle,c51250bc-7f0a-11ea-b0c4-062b96cbb5a0,2020-04-15 13:18:01.958221+02,,2017-11-01 17:14:41.568873+01
,"5",Vandrerute,"8",Andet,Vindblæs hede,Vindblæs,"1",Ja,0,,,,,,,Vesthimmerlands Kommune,gmun@vesthimmerland.dk,"0",,"9",Ukendt,"9",Ukendt,"2",Kommune,"522898","6307938","0","0","3",Middel/Moderat,,"1",Lokal,"0","0","4",Adgangssti,"1",Ja,http://www.naturturist.dk/hederne/himmerland.htm,,,,,,,"5802",t_5802_fac_li_t,"29189471",Vesthimmerlands Kommune,"820",Vesthimmerlands Kommune,"4",FOT / Tekniske kort,"3",Gældende / Vedtaget,"1",Synlig for alle,c512a300-7f0a-11ea-b0c8-062b96cbb5a0,2020-04-15 13:18:01.958221+02,,2018-06-14 14:52:07.958906+02
,"4",Mountainbikerute,"8",Andet,Uhrehøje Mountainbike ruter,Uhrehøje Plantage,"1",Ja,0.7,,,,,,,Vesthimmerlands Kommune,gmun@vesthimmerland.dk,"0",,"9",Ukendt,"3",Ikke handicapegnet,"2",Kommune,"516233","6295248","0","0","3",Middel/Moderat,,"1",Lokal,"0","0","2",Sløjfe,"0",,,,,,,,,"5802",t_5802_fac_li_t,"29189471",Vesthimmerlands Kommune,"820",Vesthimmerlands Kommune,"3",Opmåling,"3",Gældende / Vedtaget,"1",Synlig for alle,c51338d8-7f0a-11ea-b0d3-062b96cbb5a0,2020-04-15 13:18:01.958221+02,,2019-03-22 10:08:46.391599+01
,"3",Cykelrute,"8",Andet,Himmerlandsstien,Vesthimmerland,"0",,45.3,,,,,,,,,"0",,"9",Ukendt,"9",Ukendt,"2",Kommune,"515182","6313957","0","0","9",Ukendt,,"2",Regional,"0","0","1",Hovedrute,"1",Ja,,,,,,,,"5802",t_5802_fac_li_t,"29189471",Vesthimmerlands Kommune,"820",Vesthimmerlands Kommune,"4",FOT / Tekniske kort,"3",Gældende / Vedtaget,"1",Synlig for alle,c51693ca-7f0a-11ea-b10e-062b96cbb5a0,2020-04-15 13:18:01.958221+02,,2017-11-01 17:14:41.568873+01
,"5",Vandrerute,"8",Andet,Sønderlund,Sønderlund,"1",Ja,2.1,,,,,,,,,"0",,"9",Ukendt,"9",Ukendt,"1",Privat/forening,"0","0","0","0","9",Ukendt,,"1",Lokal,"0","0","1",Hovedrute,"1",Ja,,,,,,,,"5802",t_5802_fac_li_t,"29189471",Vesthimmerlands Kommune,"820",Vesthimmerlands Kommune,"4",FOT / Tekniske kort,"3",Gældende / Vedtaget,"1",Synlig for alle,c51a38e0-7f0a-11ea-b144-062b96cbb5a0,2020-04-15 13:18:01.958221+02,,2017-11-01 17:14:41.568873+01
,"5",Vandrerute,"8",Andet,Aars Skov,Aars Skov,"0",Nej,0.1,,,,,,,,,"0",,"9",Ukendt,"9",Ukendt,"2",Kommune,"0","0","0","0","9",Ukendt,,"1",Lokal,"0","0","4",Adgangssti,"1",Ja,,,,,,,,"5802",t_5802_fac_li_t,"29189471",Vesthimmerlands Kommune,"820",Vesthimmerlands Kommune,"4",FOT / Tekniske kort,"3",Gældende / Vedtaget,"1",Synlig for alle,c51a4650-7f0a-11ea-b145-062b96cbb5a0,2020-04-15 13:18:01.958221+02,,2017-11-01 17:14:41.568873+01
,"5",Vandrerute,"8",Andet,Aars Skov,Aars Skov,"0",Nej,0.5,,,,,,,,,"0",,"9",Ukendt,"9",Ukendt,"2",Kommune,"0","0","0","0","9",Ukendt,,"1",Lokal,"0","0","4",Adgangssti,"1",Ja,,,,,,,,"5802",t_5802_fac_li_t,"29189471",Vesthimmerlands Kommune,"820",Vesthimmerlands Kommune,"4",FOT / Tekniske kort,"3",Gældende / Vedtaget,"1",Synlig for alle,c51a5992-7f0a-11ea-b146-062b96cbb5a0,2020-04-15 13:18:01.958221+02,,2017-11-01 17:14:41.568873+01
,"5",Vandrerute,"8",Andet,Aars Skov,Aars Skov,"0",Nej,0.7,,,,,,,,,"0",,"9",Ukendt,"9",Ukendt,"2",Kommune,"0","0","0","0","9",Ukendt,,"1",Lokal,"0","0","4",Adgangssti,"1",Ja,,,,,,,,"5802",t_5802_fac_li_t,"29189471",Vesthimmerlands Kommune,"820",Vesthimmerlands Kommune,"4",FOT / Tekniske kort,"3",Gældende / Vedtaget,"1",Synlig for alle,c51a66da-7f0a-11ea-b147-062b96cbb5a0,2020-04-15 13:18:01.958221+02,,2017-11-01 17:14:41.568873+01
,"5",Vandrerute,"8",Andet,Sti til Vilsted Sø fra Markedspladsen,Ranum,"0",Nej,2,,,,,,,,,"0",,"9",Ukendt,"9",Ukendt,"2",Kommune,"0","0","0","0","9",Ukendt,,"1",Lokal,"0","0","1",Hovedrute,"0",Nej,,,,,,,,"5802",t_5802_fac_li_t,"29189471",Vesthimmerlands Kommune,"820",Vesthimmerlands Kommune,"4",FOT / Tekniske kort,"3",Gældende / Vedtaget,"1",Synlig for alle,c51a73d2-7f0a-11ea-b148-062b96cbb5a0,2020-04-15 13:18:01.958221+02,,2017-11-01 17:14:41.568873+01
,"5",Vandrerute,"8",Andet,Kelddal Mølle,Kelddal Mølle,"1",Ja,3.3,,,,,,,,,"0",,"9",Ukendt,"9",Ukendt,"1",Privat/forening,"0","0","0","0","9",Ukendt,,"1",Lokal,"0","0","4",Adgangssti,"0",Nej,,,,,,,,"5802",t_5802_fac_li_t,"29189471",Vesthimmerlands Kommune,"820",Vesthimmerlands Kommune,"4",FOT / Tekniske kort,"3",Gældende / Vedtaget,"1",Synlig for alle,c51a8188-7f0a-11ea-b149-062b96cbb5a0,2020-04-15 13:18:01.958221+02,,2017-11-01 17:14:41.568873+01
,"5",Vandrerute,"8",Andet,Aars Skov,Aars Skov,"1",Ja,0.2,,,,,,,,,"0",,"9",Ukendt,"9",Ukendt,"2",Kommune,"0","0","0","0","9",Ukendt,,"1",Lokal,"0","0","3",Genvej,"1",Ja,,,,,,,,"5802",t_5802_fac_li_t,"29189471",Vesthimmerlands Kommune,"820",Vesthimmerlands Kommune,"4",FOT / Tekniske kort,"3",Gældende / Vedtaget,"1",Synlig for alle,c51a8e80-7f0a-11ea-b14a-062b96cbb5a0,2020-04-15 13:18:01.958221+02,,2017-11-01 17:14:41.568873+01
,"5",Vandrerute,"8",Andet,Aars Skov,Aars Skov,"1",Ja,1.8,,,,,,,,,"0",,"9",Ukendt,"9",Ukendt,"2",Kommune,"0","0","0","0","9",Ukendt,,"1",Lokal,"0","0","4",Adgangssti,"1",Ja,,,,,,,,"5802",t_5802_fac_li_t,"29189471",Vesthimmerlands Kommune,"820",Vesthimmerlands Kommune,"4",FOT / Tekniske kort,"3",Gældende / Vedtaget,"1",Synlig for alle,c51a9bdc-7f0a-11ea-b14b-062b96cbb5a0,2020-04-15 13:18:01.958221+02,,2017-11-01 17:14:41.568873+01
,"5",Vandrerute,"8",Andet,Aars Skov,Aars Skov,"1",Ja,0.3,,,,,,,,,"0",,"9",Ukendt,"9",Ukendt,"2",Kommune,"0","0","0","0","9",Ukendt,,"1",Lokal,"0","0","4",Adgangssti,"1",Ja,,,,,,,,"5802",t_5802_fac_li_t,"29189471",Vesthimmerlands Kommune,"820",Vesthimmerlands Kommune,"4",FOT / Tekniske kort,"3",Gældende / Vedtaget,"1",Synlig for alle,c51aa8d4-7f0a-11ea-b14c-062b96cbb5a0,2020-04-15 13:18:01.958221+02,,2017-11-01 17:14:41.568873+01
,"5",Vandrerute,"8",Andet,Aars Skov,Aars Skov,"1",Ja,4.6,,,,,,,,,"0",,"9",Ukendt,"9",Ukendt,"2",Kommune,"0","0","0","0","9",Ukendt,,"1",Lokal,"0","0","1",Hovedrute,"1",Ja,,,,,,,,"5802",t_5802_fac_li_t,"29189471",Vesthimmerlands Kommune,"820",Vesthimmerlands Kommune,"4",FOT / Tekniske kort,"3",Gældende / Vedtaget,"1",Synlig for alle,c51ab5cc-7f0a-11ea-b14d-062b96cbb5a0,2020-04-15 13:18:01.958221+02,,2017-11-01 17:14:41.568873+01
,"5",Vandrerute,"8",Andet,Aars Skov,Aars Skov,"0",Nej,0.5,,,,,,,,,"0",,"9",Ukendt,"9",Ukendt,"2",Kommune,"0","0","0","0","9",Ukendt,,"1",Lokal,"0","0","4",Adgangssti,"1",Ja,,,,,,,,"5802",t_5802_fac_li_t,"29189471",Vesthimmerlands Kommune,"820",Vesthimmerlands Kommune,"4",FOT / Tekniske kort,"3",Gældende / Vedtaget,"1",Synlig for alle,c520a702-7f0a-11ea-b1a0-062b96cbb5a0,2020-04-15 13:18:01.958221+02,,2017-11-01 17:14:41.568873+01
,"5",Vandrerute,"4",Spor i landskabet,Sporet ved Paradiset Gedsted - Blå rute,Paradiset Gedsted,"0",,0,,,,,,,Vesthimmerlands Kommune,,"0",,"9",Ukendt,"9",Ukendt,"1",Privat/forening,"519533","6282678","0","0","4",Svær/udfordrende,,"1",Lokal,"0","0","4",Adgangssti,"1",Ja,http://spor.dk/sporene/nordjylland/paradiset,,,,,,,"5802",t_5802_fac_li_t,"29189471",Vesthimmerlands Kommune,"820",Vesthimmerlands Kommune,"4",FOT / Tekniske kort,"3",Gældende / Vedtaget,"1",Synlig for alle,c52e8b42-7f0a-11ea-b1c3-062b96cbb5a0,2020-04-15 13:18:01.958221+02,,2018-06-14 14:58:42.016503+02
,"5",Vandrerute,"8",Andet,Illeris og Lodhøj Plantage - Rød rute,Illeris og Lodhøj Plantage,"1",Ja,0,,,,,,,Vesthimmerlands Kommune,,"0",,"9",Ukendt,"9",Ukendt,"1",Privat/forening,"514177","6285857","0","0","3",Middel/Moderat,,"1",Lokal,"0","0","1",Hovedrute,"1",Ja,https://www.vesthimmerland.dk/media/1705468/Illeris-Lodh%C3%B8j-og-Rotholm-Plantage-A4.pdf,,,,,,,"5802",t_5802_fac_li_t,"29189471",Vesthimmerlands Kommune,"820",Vesthimmerlands Kommune,"4",FOT / Tekniske kort,"3",Gældende / Vedtaget,"1",Synlig for alle,c52f7534-7f0a-11ea-b1d1-062b96cbb5a0,2020-04-15 13:18:01.958221+02,,2018-06-14 14:56:57.703881+02
,"5",Vandrerute,"4",Spor i landskabet,Sporet ved Hverrestrup Bakker,Hverrestrup Bakker,"1",Ja,0,,,,,,,Vesthimmerlands Kommune,gmun@vesthimmerland.dk,"0",,"9",Ukendt,"9",Ukendt,"1",Privat/forening,"532671","6286368","0","0","4",Svær/udfordrende,,"1",Lokal,"0","0","1",Hovedrute,"1",Ja,http://vesthimmerland.dn.dk/naturen-i-vesthimmerland/naturomraader-i-vesthimmerland/hverrestrup-bakker/,,,,,,,"5802",t_5802_fac_li_t,"29189471",Vesthimmerlands Kommune,"820",Vesthimmerlands Kommune,"4",FOT / Tekniske kort,"3",Gældende / Vedtaget,"1",Synlig for alle,c52fdda8-7f0a-11ea-b1d8-062b96cbb5a0,2020-04-15 13:18:01.958221+02,,2018-06-14 15:50:03.491799+02
,"5",Vandrerute,"8",Andet,Livø,Livø,"1",Ja,0,,,,,,,Vesthimmerlands Kommune,,"0",,"9",Ukendt,"9",Ukendt,"3",Staten,"505581","6305144","0","0","3",Middel/Moderat,,"1",Lokal,"0","0","1",Hovedrute,"1",Ja,http://vesthimmerland.dn.dk/naturen-i-vesthimmerland/naturomraader-i-vesthimmerland/livoe/,,,,,,,"5802",t_5802_fac_li_t,"29189471",Vesthimmerlands Kommune,"820",Vesthimmerlands Kommune,"4",FOT / Tekniske kort,"3",Gældende / Vedtaget,"1",Synlig for alle,c5309e96-7f0a-11ea-b1e2-062b96cbb5a0,2020-04-15 13:18:01.958221+02,,2018-06-14 14:47:25.05739+02
,"4",Mountainbikerute,"8",Andet,Uhrehøje Mountainbike ruter,Uhrehøje,"1",Ja,0.2,,,,,,,Vesthimmerlands Kommune,gmun@vesthimmerland.dk,"0",,"9",Ukendt,"3",Ikke handicapegnet,"2",Kommune,"517333","6295520","0","0","5",Ekstrem,,"1",Lokal,"0","0","2",Sløjfe,"0",,,,,,,,,"5802",t_5802_fac_li_t,"29189471",Vesthimmerlands Kommune,"820",Vesthimmerlands Kommune,"3",Opmåling,"3",Gældende / Vedtaget,"1",Synlig for alle,c530af62-7f0a-11ea-b1e3-062b96cbb5a0,2020-04-15 13:18:01.958221+02,,2019-03-22 10:08:46.391599+01
,"5",Vandrerute,"8",Andet,Hærvejen,Vesthimmerland,"1",Ja,0,,,,,,,Vesthimmerlands Kommune,gmun@vesthimmerland.dk,"0",,"9",Ukendt,"9",Ukendt,"2",Kommune,"0","0","0","0","2",Let,,"3",National,"0","0","1",Hovedrute,"1",Ja,,,,,,,,"5802",t_5802_fac_li_t,"29189471",Vesthimmerlands Kommune,"820",Vesthimmerlands Kommune,"4",FOT / Tekniske kort,"3",Gældende / Vedtaget,"1",Synlig for alle,c530bd68-7f0a-11ea-b1e4-062b96cbb5a0,2020-04-15 13:18:01.958221+02,,2019-03-29 10:50:13.827714+01
,"5",Vandrerute,"8",Andet,Naturstien Nibe-Hvalpsund,Vesthimmerland,"0",,0,,,,,,,Vesthimmerlands Kommune,gmun@vesthimmerland.dk,"0",,"9",Ukendt,"9",Ukendt,"2",Kommune,"535005","6305194","0","0","2",Let,,"2",Regional,"0","0","1",Hovedrute,"1",Ja,http://www.farsoe.dk/fileadmin/Arkiv/Billeder/Turisme/Inspiration/Kort_og_foldere/Naturstien_Nibe-Hvalpsund_nr._29_-_samlet_1.pdf,,,,,,,"5802",t_5802_fac_li_t,"29189471",Vesthimmerlands Kommune,"820",Vesthimmerlands Kommune,"4",FOT / Tekniske kort,"3",Gældende / Vedtaget,"1",Synlig for alle,c530e342-7f0a-11ea-b1e5-062b96cbb5a0,2020-04-15 13:18:01.958221+02,,2018-06-14 16:36:22.415276+02
,"5",Vandrerute,"8",Andet,Illeris og Lodhøj Plantage - Blå rute,Illeris og Lodhøj Plantage,"1",Ja,0,,,,,,,Vesthimmerlands Kommune,gmun@vesthimmerland.dk,"0",,"9",Ukendt,"9",Ukendt,"2",Kommune,"513916","6284477","0","0","3",Middel/Moderat,,"1",Lokal,"0","0","1",Hovedrute,"1",Ja,https://www.vesthimmerland.dk/media/1705468/Illeris-Lodh%C3%B8j-og-Rotholm-Plantage-A4.pdf,,,,,,,"5802",t_5802_fac_li_t,"29189471",Vesthimmerlands Kommune,"820",Vesthimmerlands Kommune,"4",FOT / Tekniske kort,"3",Gældende / Vedtaget,"1",Synlig for alle,c531215e-7f0a-11ea-b1e7-062b96cbb5a0,2020-04-15 13:18:01.958221+02,,2018-06-14 14:56:57.703881+02
,"5",Vandrerute,"8",Andet,Illeris og Lodhøj Plantage - Rød rute,Illeris og Lodhøj Plantage,"1",Ja,0,,,,,,,Vesthimmerlands Kommune,gmun@vesthimmerland.dk,"0",,"9",Ukendt,"9",Ukendt,"2",Kommune,"514177","6285857","0","0","3",Middel/Moderat,,"1",Lokal,"0","0","4",Adgangssti,"1",Ja,https://www.vesthimmerland.dk/media/1705468/Illeris-Lodh%C3%B8j-og-Rotholm-Plantage-A4.pdf,,,,,,,"5802",t_5802_fac_li_t,"29189471",Vesthimmerlands Kommune,"820",Vesthimmerlands Kommune,"4",FOT / Tekniske kort,"3",Gældende / Vedtaget,"1",Synlig for alle,c5317082-7f0a-11ea-b1ea-062b96cbb5a0,2020-04-15 13:18:01.958221+02,,2018-06-14 14:56:57.703881+02
,"3",Cykelrute,"8",Andet,Nibe - Hvalpsund,Vesthimmerland,"0",,43,,,,,,,,,"0",,"9",Ukendt,"9",Ukendt,"2",Kommune,"511729","6284019","0","0","9",Ukendt,,"2",Regional,"0","0","1",Hovedrute,"1",Ja,,,,,,,,"5802",t_5802_fac_li_t,"29189471",Vesthimmerlands Kommune,"820",Vesthimmerlands Kommune,"4",FOT / Tekniske kort,"3",Gældende / Vedtaget,"1",Synlig for alle,c5317e2e-7f0a-11ea-b1eb-062b96cbb5a0,2020-04-15 13:18:01.958221+02,,2017-11-01 17:14:41.568873+01
,"5",Vandrerute,"8",Andet,Fredrik den VII''s Kanal,Fredrik den VII''s Kanal,"0",,0,,,,,,,Vesthimmerlands Kommune,gmun@vesthimmerland.dk,"0",,"9",Ukendt,"9",Ukendt,"2",Kommune,"514673","6313428","0","0","2",Let,,"1",Lokal,"0","0","1",Hovedrute,"0",,,,,,,,,"5802",t_5802_fac_li_t,"29189471",Vesthimmerlands Kommune,"820",Vesthimmerlands Kommune,"4",FOT / Tekniske kort,"3",Gældende / Vedtaget,"1",Synlig for alle,c5319e90-7f0a-11ea-b1ec-062b96cbb5a0,2020-04-15 13:18:01.958221+02,,2018-06-14 16:28:21.4655+02
,"5",Vandrerute,"8",Andet,Lovns Sø,Lovns halvøen,"1",Ja,1.8,,,,,,,,,"0",,"9",Ukendt,"9",Ukendt,"2",Kommune,"512687","6283259","0","0","9",Ukendt,,"1",Lokal,"0","0","4",Adgangssti,"0",,,,,,,,,"5802",t_5802_fac_li_t,"29189471",Vesthimmerlands Kommune,"820",Vesthimmerlands Kommune,"4",FOT / Tekniske kort,"3",Gældende / Vedtaget,"1",Synlig for alle,c532a222-7f0a-11ea-b1f7-062b96cbb5a0,2020-04-15 13:18:01.958221+02,,2017-11-01 17:14:41.568873+01
,"5",Vandrerute,"8",Andet,Vilsted Sø,Vilsted Sø,"1",Ja,0,,,,,,,Vesthimmerlands Kommune,,"0",,"9",Ukendt,"9",Ukendt,"8",Andet,"517759","6306457","0","0","2",Let,,"1",Lokal,"0","0","3",Genvej,"1",Ja,http://naturekspeditionen.dk/vilsted-soe.aspx,,,,,,,"5802",t_5802_fac_li_t,"29189471",Vesthimmerlands Kommune,"820",Vesthimmerlands Kommune,"4",FOT / Tekniske kort,"3",Gældende / Vedtaget,"1",Synlig for alle,c53320e4-7f0a-11ea-b1ff-062b96cbb5a0,2020-04-15 13:18:01.958221+02,,2018-06-14 14:48:56.934924+02
,"5",Vandrerute,"8",Andet,Vindblæs hede,Vindblæs,"1",Ja,0,,,,,,,Vesthimmerlands Kommune,gmun@vesthimmerland.dk,"0",,"9",Ukendt,"9",Ukendt,"2",Kommune,"522898","6307938","0","0","3",Middel/Moderat,,"1",Lokal,"0","0","4",Adgangssti,"1",Ja,http://www.naturturist.dk/hederne/himmerland.htm,,,,,,,"5802",t_5802_fac_li_t,"29189471",Vesthimmerlands Kommune,"820",Vesthimmerlands Kommune,"4",FOT / Tekniske kort,"3",Gældende / Vedtaget,"1",Synlig for alle,c5334b00-7f0a-11ea-b202-062b96cbb5a0,2020-04-15 13:18:01.958221+02,,2018-06-14 14:52:07.958906+02
,"5",Vandrerute,"8",Andet,Vindblæs hede,Vindblæs,"1",Ja,0,,,,,,,Vesthimmerlands Kommune,gmun@vesthimmerland.dk,"0",,"9",Ukendt,"9",Ukendt,"2",Kommune,"522898","6307938","0","0","3",Middel/Moderat,,"1",Lokal,"0","0","3",Genvej,"1",Ja,http://www.naturturist.dk/hederne/himmerland.htm,,,,,,,"5802",t_5802_fac_li_t,"29189471",Vesthimmerlands Kommune,"820",Vesthimmerlands Kommune,"4",FOT / Tekniske kort,"3",Gældende / Vedtaget,"1",Synlig for alle,c5337b2a-7f0a-11ea-b204-062b96cbb5a0,2020-04-15 13:18:01.958221+02,,2018-06-14 14:52:07.958906+02
,"5",Vandrerute,"8",Andet,Lovns halvøen - Gul rute,Lovns halvøen,"1",Ja,0,,,,,,,Vesthimmerlands Kommune,gmun@vesthimmerland.dk,"0",,"9",Ukendt,"9",Ukendt,"2",Kommune,"529073","6301285","0","0","4",Svær/udfordrende,,"1",Lokal,"0","0","3",Genvej,"1",Ja,http://vesthimmerland.dn.dk/naturen-i-vesthimmerland/naturomraader-i-vesthimmerland/louns-halvoeen/,,,,,,,"5802",t_5802_fac_li_t,"29189471",Vesthimmerlands Kommune,"820",Vesthimmerlands Kommune,"4",FOT / Tekniske kort,"3",Gældende / Vedtaget,"1",Synlig for alle,c5338a02-7f0a-11ea-b205-062b96cbb5a0,2020-04-15 13:18:01.958221+02,,2018-06-14 15:01:41.857045+02
,"5",Vandrerute,"8",Andet,Lovns halvøen - Grøn rute,Lovns halvøen,"1",Ja,0,,,,,,,Vesthimmerlands Kommune,gmun@vesthimmerland.dk,"0",,"9",Ukendt,"9",Ukendt,"2",Kommune,"510954","6281919","0","0","4",Svær/udfordrende,,"1",Lokal,"0","0","8",Andet,"1",Ja,http://vesthimmerland.dn.dk/naturen-i-vesthimmerland/naturomraader-i-vesthimmerland/louns-halvoeen/,,,,,,,"5802",t_5802_fac_li_t,"29189471",Vesthimmerlands Kommune,"820",Vesthimmerlands Kommune,"4",FOT / Tekniske kort,"3",Gældende / Vedtaget,"1",Synlig for alle,c533a988-7f0a-11ea-b207-062b96cbb5a0,2020-04-15 13:18:01.958221+02,,2018-06-14 15:01:41.857045+02
,"5",Vandrerute,"8",Andet,Vilsted Sø,Vilsted Sø,"1",Ja,0,,,,,,,Vesthimmerlands Kommune,,"0",,"9",Ukendt,"9",Ukendt,"3",Staten,"517759","6306457","0","0","2",Let,,"1",Lokal,"0","0","1",Hovedrute,"1",Ja,http://naturekspeditionen.dk/vilsted-soe.aspx,,,,,,,"5802",t_5802_fac_li_t,"29189471",Vesthimmerlands Kommune,"820",Vesthimmerlands Kommune,"4",FOT / Tekniske kort,"3",Gældende / Vedtaget,"1",Synlig for alle,c53412b0-7f0a-11ea-b20e-062b96cbb5a0,2020-04-15 13:18:01.958221+02,,2018-06-14 14:48:56.934924+02
,"5",Vandrerute,"8",Andet,Lovns halvøen - Grøn rute,Lovns halvøen,"1",Ja,0,,,,,,,Vesthimmerlands Kommune,gmun@vesthimmerland.dk,"0",,"9",Ukendt,"9",Ukendt,"2",Kommune,"510954","6281919","0","0","4",Svær/udfordrende,,"1",Lokal,"0","0","8",Andet,"1",Ja,http://vesthimmerland.dn.dk/naturen-i-vesthimmerland/naturomraader-i-vesthimmerland/louns-halvoeen/,,,,,,,"5802",t_5802_fac_li_t,"29189471",Vesthimmerlands Kommune,"820",Vesthimmerlands Kommune,"4",FOT / Tekniske kort,"3",Gældende / Vedtaget,"1",Synlig for alle,c5342958-7f0a-11ea-b20f-062b96cbb5a0,2020-04-15 13:18:01.958221+02,,2018-06-14 15:01:41.857045+02
,"5",Vandrerute,"8",Andet,Livø,Livø,"1",Ja,0,,,,,,,Vesthimmerlands Kommune,,"0",,"9",Ukendt,"9",Ukendt,"3",Staten,"505584","6305146","0","0","3",Middel/Moderat,,"1",Lokal,"0","0","4",Adgangssti,"1",Ja,http://vesthimmerland.dn.dk/naturen-i-vesthimmerland/naturomraader-i-vesthimmerland/livoe/,,,,,,,"5802",t_5802_fac_li_t,"29189471",Vesthimmerlands Kommune,"820",Vesthimmerlands Kommune,"4",FOT / Tekniske kort,"3",Gældende / Vedtaget,"1",Synlig for alle,c5343786-7f0a-11ea-b210-062b96cbb5a0,2020-04-15 13:18:01.958221+02,,2018-06-14 14:47:25.05739+02
,"5",Vandrerute,"8",Andet,Møllestien Vindblæs,Vindblæs,"1",Ja,0,,,,,,,Vesthimmerlands Kommune,gmun@vesthimmerland.dk,"0",,"9",Ukendt,"9",Ukendt,"1",Privat/forening,"521279","6309262","0","0","4",Svær/udfordrende,,"1",Lokal,"0","0","1",Hovedrute,"0",,,,,,,,,"5802",t_5802_fac_li_t,"29189471",Vesthimmerlands Kommune,"820",Vesthimmerlands Kommune,"4",FOT / Tekniske kort,"3",Gældende / Vedtaget,"1",Synlig for alle,c5344532-7f0a-11ea-b211-062b96cbb5a0,2020-04-15 13:18:01.958221+02,,2018-06-14 14:50:28.654056+02
,"5",Vandrerute,"4",Spor i landskabet,Sporet ved Paradiset Gedsted - Gul rute,Paradiset Gedsted,"0",,0,,,,,,,Vesthimmerlands Kommune,,"0",,"9",Ukendt,"9",Ukendt,"1",Privat/forening,"519541","6282638","0","0","4",Svær/udfordrende,,"1",Lokal,"0","0","1",Hovedrute,"1",Ja,http://spor.dk/sporene/nordjylland/paradiset,,,,,,,"5802",t_5802_fac_li_t,"29189471",Vesthimmerlands Kommune,"820",Vesthimmerlands Kommune,"4",FOT / Tekniske kort,"3",Gældende / Vedtaget,"1",Synlig for alle,c534528e-7f0a-11ea-b212-062b96cbb5a0,2020-04-15 13:18:01.958221+02,,2018-06-14 14:58:42.016503+02
,"5",Vandrerute,"4",Spor i landskabet,Sporet ved Paradiset Gedsted - Gul rute,Paradiset Gedsted,"0",,0,,,,,,,Vesthimmerlands Kommune,,"0",,"9",Ukendt,"9",Ukendt,"1",Privat/forening,"519541","6282638","0","0","4",Svær/udfordrende,,"1",Lokal,"0","0","4",Adgangssti,"1",Ja,http://spor.dk/sporene/nordjylland/paradiset,,,,,,,"5802",t_5802_fac_li_t,"29189471",Vesthimmerlands Kommune,"820",Vesthimmerlands Kommune,"4",FOT / Tekniske kort,"3",Gældende / Vedtaget,"1",Synlig for alle,c534603a-7f0a-11ea-b213-062b96cbb5a0,2020-04-15 13:18:01.958221+02,,2018-06-14 14:58:42.016503+02
,"5",Vandrerute,"8",Andet,Vindblæs hede,Vindblæs,"1",Ja,0,,,,,,,Vesthimmerlands Kommune,gmun@vesthimmerland.dk,"0",,"9",Ukendt,"9",Ukendt,"2",Kommune,"522898","6307938","0","0","3",Middel/Moderat,,"1",Lokal,"0","0","1",Hovedrute,"1",Ja,http://www.naturturist.dk/hederne/himmerland.htm,,,,,,,"5802",t_5802_fac_li_t,"29189471",Vesthimmerlands Kommune,"820",Vesthimmerlands Kommune,"4",FOT / Tekniske kort,"3",Gældende / Vedtaget,"1",Synlig for alle,c5348af6-7f0a-11ea-b216-062b96cbb5a0,2020-04-15 13:18:01.958221+02,,2018-06-14 14:52:07.958906+02
,"5",Vandrerute,"8",Andet,Kildeåen,Kildeåen,"0",,0,,,,,,,Vesthimmerlands Kommune,,"0",,"9",Ukendt,"9",Ukendt,"1",Privat/forening,"522611","6307136","0","0","3",Middel/Moderat,,"1",Lokal,"0","0","4",Adgangssti,"0",,,,,,,,,"5802",t_5802_fac_li_t,"29189471",Vesthimmerlands Kommune,"820",Vesthimmerlands Kommune,"4",FOT / Tekniske kort,"3",Gældende / Vedtaget,"1",Synlig for alle,c5349b4a-7f0a-11ea-b217-062b96cbb5a0,2020-04-15 13:18:01.958221+02,,2018-06-14 14:52:07.958906+02
,"5",Vandrerute,"4",Spor i landskabet,Sporet ved Paradiset Gedsted - Blå rute,Paradiset Gedsted,"0",,0,,,,,,,Vesthimmerlands Kommune,,"0",,"9",Ukendt,"9",Ukendt,"1",Privat/forening,"519541","6282638","0","0","4",Svær/udfordrende,,"1",Lokal,"0","0","1",Hovedrute,"1",Ja,http://spor.dk/sporene/nordjylland/paradiset,,,,,,,"5802",t_5802_fac_li_t,"29189471",Vesthimmerlands Kommune,"820",Vesthimmerlands Kommune,"4",FOT / Tekniske kort,"3",Gældende / Vedtaget,"1",Synlig for alle,c534a892-7f0a-11ea-b218-062b96cbb5a0,2020-04-15 13:18:01.958221+02,,2018-06-14 14:58:42.016503+02
,"5",Vandrerute,"8",Andet,Jenle og Søttrup Plantage - Gul,Jenle og Søttrup Plantage,"1",Ja,0,,,,,,,Vesthimmerlands Kommune,,"0",,"9",Ukendt,"9",Ukendt,"3",Staten,"529073","6301285","0","0","3",Middel/Moderat,,"1",Lokal,"0","0","3",Genvej,"1",Ja,http://naturstyrelsen.dk/media/nst/67674/NST-JenleFolder.pdf,"http://naturekspeditionen.dk/GetThumbnail.ashx?mode=1&#38;#38;width=1200&#38;#38;height=900&#38;#38;permanent=true&#38;#38;imagepath=~/UserFiles/jenel_rute.jpg",,,,,,"5802",t_5802_fac_li_t,"29189471",Vesthimmerlands Kommune,"820",Vesthimmerlands Kommune,"4",FOT / Tekniske kort,"3",Gældende / Vedtaget,"1",Synlig for alle,c534b620-7f0a-11ea-b219-062b96cbb5a0,2020-04-15 13:18:01.958221+02,,2018-06-14 16:30:06.188771+02
,"5",Vandrerute,"8",Andet,Lovns halvøen -Rød rute,Lovns halvøen,"1",Ja,0,,,,,,,Vesthimmerlands Kommune,gmun@vesthimmerland.dk,"0",,"9",Ukendt,"9",Ukendt,"2",Kommune,"510954","6281919","0","0","4",Svær/udfordrende,,"1",Lokal,"0","0","1",Hovedrute,"1",Ja,http://vesthimmerland.dn.dk/naturen-i-vesthimmerland/naturomraader-i-vesthimmerland/louns-halvoeen/,,,,,,,"5802",t_5802_fac_li_t,"29189471",Vesthimmerlands Kommune,"820",Vesthimmerlands Kommune,"4",FOT / Tekniske kort,"3",Gældende / Vedtaget,"1",Synlig for alle,c534c58e-7f0a-11ea-b21a-062b96cbb5a0,2020-04-15 13:18:01.958221+02,,2018-06-14 15:01:41.857045+02
,"5",Vandrerute,"8",Andet,Lovns halvøen - Grøn rute,Lovns halvøen,"1",Ja,0,,,,,,,Vesthimmerlands Kommune,gmun@vesthimmerland.dk,"0",,"9",Ukendt,"9",Ukendt,"2",Kommune,"510954","6281919","0","0","4",Svær/udfordrende,,"1",Lokal,"0","0","1",Hovedrute,"1",Ja,http://vesthimmerland.dn.dk/naturen-i-vesthimmerland/naturomraader-i-vesthimmerland/louns-halvoeen/,,,,,,,"5802",t_5802_fac_li_t,"29189471",Vesthimmerlands Kommune,"820",Vesthimmerlands Kommune,"4",FOT / Tekniske kort,"3",Gældende / Vedtaget,"1",Synlig for alle,c534d6e6-7f0a-11ea-b21b-062b96cbb5a0,2020-04-15 13:18:01.958221+02,,2018-06-14 15:01:41.857045+02
,"5",Vandrerute,"8",Andet,Lovns halvøen - Gul rute,Lovns halvøen,"1",Ja,0,,,,,,,Vesthimmerlands Kommune,gmun@vesthimmerland.dk,"0",,"9",Ukendt,"9",Ukendt,"2",Kommune,"510954","6281919","0","0","4",Svær/udfordrende,,"1",Lokal,"0","0","1",Hovedrute,"1",Ja,http://vesthimmerland.dn.dk/naturen-i-vesthimmerland/naturomraader-i-vesthimmerland/louns-halvoeen/,,,,,,,"5802",t_5802_fac_li_t,"29189471",Vesthimmerlands Kommune,"820",Vesthimmerlands Kommune,"4",FOT / Tekniske kort,"3",Gældende / Vedtaget,"1",Synlig for alle,c5352b1e-7f0a-11ea-b21f-062b96cbb5a0,2020-04-15 13:18:01.958221+02,,2018-06-14 15:01:41.857045+02
,"5",Vandrerute,"8",Andet,Lovns halvøen - Blå rute,Lovns halvøen,"1",Ja,0,,,,,,,Vesthimmerlands Kommune,gmun@vesthimmerland.dk,"0",,"9",Ukendt,"9",Ukendt,"2",Kommune,"510934","6281978","0","0","4",Svær/udfordrende,,"1",Lokal,"0","0","3",Genvej,"1",Ja,http://vesthimmerland.dn.dk/naturen-i-vesthimmerland/naturomraader-i-vesthimmerland/louns-halvoeen/,,,,,,,"5802",t_5802_fac_li_t,"29189471",Vesthimmerlands Kommune,"820",Vesthimmerlands Kommune,"4",FOT / Tekniske kort,"3",Gældende / Vedtaget,"1",Synlig for alle,c5353d20-7f0a-11ea-b220-062b96cbb5a0,2020-04-15 13:18:01.958221+02,,2018-06-14 15:01:41.857045+02
,"5",Vandrerute,"8",Andet,Jenle og Søttrup Plantage - Gul,Jenle og Søttrup Plantage,"1",Ja,0,,,,,,,Vesthimmerlands Kommune,,"0",,"9",Ukendt,"9",Ukendt,"3",Staten,"529073","6301285","0","0","3",Middel/Moderat,,"1",Lokal,"0","0","3",Genvej,"1",Ja,http://naturstyrelsen.dk/media/nst/67674/NST-JenleFolder.pdf,"http://naturekspeditionen.dk/GetThumbnail.ashx?mode=1&#38;#38;width=1200&#38;#38;height=900&#38;#38;permanent=true&#38;#38;imagepath=~/UserFiles/jenel_rute.jpg",,,,,,"5802",t_5802_fac_li_t,"29189471",Vesthimmerlands Kommune,"820",Vesthimmerlands Kommune,"4",FOT / Tekniske kort,"3",Gældende / Vedtaget,"1",Synlig for alle,c5354b4e-7f0a-11ea-b221-062b96cbb5a0,2020-04-15 13:18:01.958221+02,,2018-06-14 16:30:06.188771+02
,"5",Vandrerute,"4",Spor i landskabet,Sporet ved Hverrestrup Bakker,Hverrestrup Bakker,"1",Ja,0,,,,,,,Vesthimmerlands Kommune,,"0",,"9",Ukendt,"9",Ukendt,"1",Privat/forening,"532671","6286368","0","0","4",Svær/udfordrende,,"1",Lokal,"0","0","4",Adgangssti,"1",Ja,http://vesthimmerland.dn.dk/naturen-i-vesthimmerland/naturomraader-i-vesthimmerland/hverrestrup-bakker/,,,,,,,"5802",t_5802_fac_li_t,"29189471",Vesthimmerlands Kommune,"820",Vesthimmerlands Kommune,"4",FOT / Tekniske kort,"3",Gældende / Vedtaget,"1",Synlig for alle,c5355a3a-7f0a-11ea-b222-062b96cbb5a0,2020-04-15 13:18:01.958221+02,,2018-06-14 15:50:03.491799+02
,"5",Vandrerute,"8",Andet,Himmerlandsstien,Løgstør - Viborg,"1",Ja,0,,,,,,,Vesthimmerlands Kommune,gmun@vesthimmerland.dk,"0",,"9",Ukendt,"9",Ukendt,"2",Kommune,"516227","6313702","0","0","2",Let,,"2",Regional,"0","0","1",Hovedrute,"0",,,"http://naturekspeditionen.dk/GetThumbnail.ashx?mode=1&#38;#38;#38;width=1200&#38;#38;#38;height=900&#38;#38;#38;permanent=true&#38;#38;#38;imagepath=~/UserFiles/Himmerlandst",,,,,,"5802",t_5802_fac_li_t,"29189471",Vesthimmerlands Kommune,"820",Vesthimmerlands Kommune,"4",FOT / Tekniske kort,"3",Gældende / Vedtaget,"1",Synlig for alle,c53569c6-7f0a-11ea-b223-062b96cbb5a0,2020-04-15 13:18:01.958221+02,,2018-06-14 16:40:56.566188+02
,"5",Vandrerute,"8",Andet,Lovns halvøen - Blå rute,Lovns halvøen,"1",Ja,0,,,,,,,Vesthimmerlands Kommune,gmun@vesthimmerland.dk,"0",,"9",Ukendt,"9",Ukendt,"2",Kommune,"510934","6281978","0","0","4",Svær/udfordrende,,"1",Lokal,"0","0","1",Hovedrute,"1",Ja,http://vesthimmerland.dn.dk/naturen-i-vesthimmerland/naturomraader-i-vesthimmerland/louns-halvoeen/,,,,,,,"5802",t_5802_fac_li_t,"29189471",Vesthimmerlands Kommune,"820",Vesthimmerlands Kommune,"4",FOT / Tekniske kort,"3",Gældende / Vedtaget,"1",Synlig for alle,c535bc46-7f0a-11ea-b225-062b96cbb5a0,2020-04-15 13:18:01.958221+02,,2018-06-14 15:01:41.857045+02
,"5",Vandrerute,"8",Andet,Lovns halvøen - Blå rute,Lovns halvøen,"1",Ja,0,,,,,,,Vesthimmerlands Kommune,gmun@vesthimmerland.dk,"0",,"9",Ukendt,"9",Ukendt,"2",Kommune,"510934","6281978","0","0","4",Svær/udfordrende,,"1",Lokal,"0","0","3",Genvej,"1",Ja,http://vesthimmerland.dn.dk/naturen-i-vesthimmerland/naturomraader-i-vesthimmerland/louns-halvoeen/,,,,,,,"5802",t_5802_fac_li_t,"29189471",Vesthimmerlands Kommune,"820",Vesthimmerlands Kommune,"4",FOT / Tekniske kort,"3",Gældende / Vedtaget,"1",Synlig for alle,c535cf9c-7f0a-11ea-b226-062b96cbb5a0,2020-04-15 13:18:01.958221+02,,2018-06-14 15:01:41.857045+02
,"5",Vandrerute,"4",Spor i landskabet,Sporet ved Testrupgaard,Testrupgaard,"0",,0,,,,,,,Vesthimmerlands Kommune,,"0",,"9",Ukendt,"9",Ukendt,"1",Privat/forening,"530534","6286757","0","0","4",Svær/udfordrende,,"1",Lokal,"0","0","3",Genvej,"1",Ja,http://spor.dk/sporene/nordjylland/testrupgaard,,,,,,,"5802",t_5802_fac_li_t,"29189471",Vesthimmerlands Kommune,"820",Vesthimmerlands Kommune,"4",FOT / Tekniske kort,"3",Gældende / Vedtaget,"1",Synlig for alle,c535dcf8-7f0a-11ea-b227-062b96cbb5a0,2020-04-15 13:18:01.958221+02,,2018-06-14 15:48:02.363207+02
,"5",Vandrerute,"4",Spor i landskabet,Sporet ved Testrupgaard,Testrupgaard,"0",,0,,,,,,,Vesthimmerlands Kommune,gmun@vesthimmerland.dk,"0",,"9",Ukendt,"9",Ukendt,"1",Privat/forening,"530534","6286757","0","0","4",Svær/udfordrende,,"1",Lokal,"0","0","1",Hovedrute,"1",Ja,http://spor.dk/sporene/nordjylland/testrupgaard,,,,,,,"5802",t_5802_fac_li_t,"29189471",Vesthimmerlands Kommune,"820",Vesthimmerlands Kommune,"4",FOT / Tekniske kort,"3",Gældende / Vedtaget,"1",Synlig for alle,c535eb3a-7f0a-11ea-b228-062b96cbb5a0,2020-04-15 13:18:01.958221+02,,2018-06-14 15:48:02.363207+02
,"5",Vandrerute,"8",Andet,Jenle og Søttrup Plantage - Gul,Jenle og Søttrup Plantage,"1",Ja,0,,,,,,,Vesthimmerlands Kommune,,"0",,"9",Ukendt,"9",Ukendt,"3",Staten,"529073","6301285","0","0","3",Middel/Moderat,,"1",Lokal,"0","0","1",Hovedrute,"1",Ja,http://naturstyrelsen.dk/media/nst/67674/NST-JenleFolder.pdf,"http://naturekspeditionen.dk/GetThumbnail.ashx?mode=1&#38;#38;width=1200&#38;#38;height=900&#38;#38;permanent=true&#38;#38;imagepath=~/UserFiles/jenel_rute.jpg",,,,,,"5802",t_5802_fac_li_t,"29189471",Vesthimmerlands Kommune,"820",Vesthimmerlands Kommune,"4",FOT / Tekniske kort,"3",Gældende / Vedtaget,"1",Synlig for alle,c5361402-7f0a-11ea-b22b-062b96cbb5a0,2020-04-15 13:18:01.958221+02,,2018-06-14 16:30:06.188771+02
,"5",Vandrerute,"8",Andet,Jenle og Søttrup Plantage - Blå,Vesthimmerland,"1",Ja,0,,,,,,,Vesthimmerlands Kommune,gmun@vesthimmerland.dk,"0",,"9",Ukendt,"9",Ukendt,"2",Kommune,"529073","6301285","0","0","3",Middel/Moderat,,"2",Regional,"0","0","1",Hovedrute,"0",,http://naturekspeditionen.dk/skove-i-vesthimmerland.aspx,"http://naturekspeditionen.dk/GetThumbnail.ashx?mode=1&#38;#38;width=1200&#38;#38;height=900&#38;#38;permanent=true&#38;#38;imagepath=~/UserFiles/jenel_rute.jpg",,,,,,"5802",t_5802_fac_li_t,"29189471",Vesthimmerlands Kommune,"820",Vesthimmerlands Kommune,"4",FOT / Tekniske kort,"3",Gældende / Vedtaget,"1",Synlig for alle,c53625b4-7f0a-11ea-b22c-062b96cbb5a0,2020-04-15 13:18:01.958221+02,,2018-06-14 16:30:06.188771+02
,"3",Cykelrute,"8",Andet,Skivumruten,Vesthimmerland,"0",,3.9,,,,,,,,,"0",,"9",Ukendt,"9",Ukendt,"2",Kommune,"535010","6305190","0","0","9",Ukendt,,"2",Regional,"0","0","1",Hovedrute,"0",,,,,,,,,"5802",t_5802_fac_li_t,"29189471",Vesthimmerlands Kommune,"820",Vesthimmerlands Kommune,"4",FOT / Tekniske kort,"3",Gældende / Vedtaget,"1",Synlig for alle,c5363310-7f0a-11ea-b22d-062b96cbb5a0,2020-04-15 13:18:01.958221+02,,2017-11-01 17:14:41.568873+01
,"3",Cykelrute,"8",Andet,Vilstedruten,Vesthimmerland,"0",,28.2,,,,,,,,,"0",,"9",Ukendt,"9",Ukendt,"2",Kommune,"510133","6305263","0","0","9",Ukendt,,"2",Regional,"0","0","1",Hovedrute,"1",Ja,http://www.farsoe.dk/fileadmin/Arkiv/Billeder/Turisme/Inspiration/Kort_og_foldere/Vilstedruten_nr._38_-_samlet_1.pdf,,,,,,,"5802",t_5802_fac_li_t,"29189471",Vesthimmerlands Kommune,"820",Vesthimmerlands Kommune,"4",FOT / Tekniske kort,"3",Gældende / Vedtaget,"1",Synlig for alle,c5364e7c-7f0a-11ea-b22f-062b96cbb5a0,2020-04-15 13:18:01.958221+02,,2017-11-01 17:14:41.568873+01
,"4",Mountainbikerute,"8",Andet,Uhrehøje Mountainbike ruter,Uhrehøje Plantage,"1",Ja,11,,,,,,,Vesthimmerlands Kommune,gmun@vesthimmerland.dk,"0",,"9",Ukendt,"3",Ikke handicapegnet,"2",Kommune,"515840","6294990","0","0","3",Middel/Moderat,,"1",Lokal,"0","0","2",Sløjfe,"0",,,,,,,,,"5802",t_5802_fac_li_t,"29189471",Vesthimmerlands Kommune,"820",Vesthimmerlands Kommune,"3",Opmåling,"3",Gældende / Vedtaget,"1",Synlig for alle,c53d35d4-7f0a-11ea-b288-062b96cbb5a0,2020-04-15 13:18:01.958221+02,,2019-11-05 12:54:53.275046+01
,"4",Mountainbikerute,"8",Andet,Uhrehøje Mountainbike ruter,Uhrehøje Plantage,"1",Ja,11,,,,,,,Vesthimmerlands Kommune,gmun@vesthimmerland.dk,"0",,"9",Ukendt,"3",Ikke handicapegnet,"2",Kommune,"515840","6294990","0","0","3",Middel/Moderat,,"1",Lokal,"0","0","2",Sløjfe,"0",,,,,,,,,"5802",t_5802_fac_li_t,"29189471",Vesthimmerlands Kommune,"820",Vesthimmerlands Kommune,"3",Opmåling,"3",Gældende / Vedtaget,"1",Synlig for alle,c53f5670-7f0a-11ea-b29d-062b96cbb5a0,2020-04-15 13:18:01.958221+02,,2019-11-05 12:54:53.275046+01
,"5",Vandrerute,"8",Andet,De Himmerlandske heder,Oudrup Østerhede,"1",Ja,0,,,,,,,Vesthimmerlands Kommune,gmun@vesthimmerland.dk,"0",,"9",Ukendt,"9",Ukendt,"2",Kommune,"522876","6307941","0","0","3",Middel/Moderat,,"2",Regional,"0","0","1",Hovedrute,"1",Ja,http://www.naturturist.dk/hederne/himmerland.htm,,,,,,,"5802",t_5802_fac_li_t,"29189471",Vesthimmerlands Kommune,"820",Vesthimmerlands Kommune,"4",FOT / Tekniske kort,"3",Gældende / Vedtaget,"1",Synlig for alle,c540d220-7f0a-11ea-b2b3-062b96cbb5a0,2020-04-15 13:18:01.958221+02,,2018-06-14 14:53:43.008226+02
,"5",Vandrerute,"3",Hjertesti,Hjertesti Ravnstrup,Ravnstrup,"1",Ja,6,,,,,,,,gmun@vesthimmerland.dk,"0",,"9",Ukendt,"3",Ikke handicapegnet,"1",Privat/forening,"0","0","0","0","2",Let,,"1",Lokal,"0","0","1",Hovedrute,"0",,,,,,,,,"5802",t_5802_fac_li_t,"29189471",Vesthimmerlands Kommune,"820",Vesthimmerlands Kommune,"1",Ortofoto,"3",Gældende / Vedtaget,"1",Synlig for alle,c540f57a-7f0a-11ea-b2b5-062b96cbb5a0,2020-04-15 13:18:01.958221+02,,2019-02-26 13:57:31.151641+01
,"5",Vandrerute,"8",Andet,Motionsruter i Trend Sommerhusområde - Hvid rute,Trend Sommerhusområde,"1",Ja,12,,,,,,,Trend Sommerhusforening,,"0",,"9",Ukendt,"9",Ukendt,"1",Privat/forening,"512995","6300731","0","0","2",Let,,"1",Lokal,"0","0","1",Hovedrute,"0",,,,,,,,,"5802",t_5802_fac_li_t,"29189471",Vesthimmerlands Kommune,"820",Vesthimmerlands Kommune,"4",FOT / Tekniske kort,"3",Gældende / Vedtaget,"1",Synlig for alle,c54112f8-7f0a-11ea-b2b7-062b96cbb5a0,2020-04-15 13:18:01.958221+02,,2019-01-23 11:42:35.982202+01
,"5",Vandrerute,"8",Andet,Motionsruter i Trend Sommerhusområde - Blå rute,Trend Sommerhusområde,"1",Ja,0,,,,,,,Trend Sommerhusforening,,"0",,"9",Ukendt,"9",Ukendt,"1",Privat/forening,"512995","6300731","0","0","2",Let,,"1",Lokal,"0","0","1",Hovedrute,"1",Ja,http://naturekspeditionen.dk/UserFiles/Kort_NY.pdf,,,,,,,"5802",t_5802_fac_li_t,"29189471",Vesthimmerlands Kommune,"820",Vesthimmerlands Kommune,"4",FOT / Tekniske kort,"3",Gældende / Vedtaget,"1",Synlig for alle,c541372e-7f0a-11ea-b2b9-062b96cbb5a0,2020-04-15 13:18:01.958221+02,,2018-06-14 14:44:33.279276+02
,"5",Vandrerute,"8",Andet,Motionsruter i Trend Sommerhusområde - Gul rute,Trend Sommerhusområde,"1",Ja,2,,,,,,,Trend Sommerhusforening,,"0",,"9",Ukendt,"9",Ukendt,"1",Privat/forening,"512995","6300731","0","0","2",Let,,"1",Lokal,"0","0","1",Hovedrute,"1",Ja,http://naturekspeditionen.dk/UserFiles/Kort_NY.pdf,,,,,,,"5802",t_5802_fac_li_t,"29189471",Vesthimmerlands Kommune,"820",Vesthimmerlands Kommune,"4",FOT / Tekniske kort,"3",Gældende / Vedtaget,"1",Synlig for alle,c5414886-7f0a-11ea-b2ba-062b96cbb5a0,2020-04-15 13:18:01.958221+02,,2018-06-14 14:05:59.754479+02
,"5",Vandrerute,"8",Andet,Motionsruter i Trend Sommerhusområde - Rød rute,Trend Sommerhusområde,"1",Ja,10,,,,,,,Trend Sommerhusforening,,"0",,"9",Ukendt,"9",Ukendt,"1",Privat/forening,"512995","6300731","0","0","2",Let,,"1",Lokal,"0","0","1",Hovedrute,"1",Ja,http://naturekspeditionen.dk/UserFiles/Kort_NY.pdf,,,,,,,"5802",t_5802_fac_li_t,"29189471",Vesthimmerlands Kommune,"820",Vesthimmerlands Kommune,"4",FOT / Tekniske kort,"3",Gældende / Vedtaget,"1",Synlig for alle,c54172fc-7f0a-11ea-b2bd-062b96cbb5a0,2020-04-15 13:18:01.958221+02,,2018-06-14 13:50:18.410706+02
,"5",Vandrerute,"8",Andet,Uhrehøje Plantage - Grøn rute,Uhrehøje Plantage,"1",Ja,0,,,,,,,Vesthimmerlands Kommune,gmun@vesthimmerland.dk,"0",,"9",Ukendt,"9",Ukendt,"2",Kommune,"516235","6295275","0","0","4",Svær/udfordrende,,"1",Lokal,"0","0","1",Hovedrute,"1",Ja,http://naturekspeditionen.dk/skove-i-vesthimmerland.aspx,"http://naturekspeditionen.dk/GetThumbnail.ashx?mode=1&#38;#38;width=1200&#38;#38;height=800&#38;#38;permanent=true&#38;#38;imagepath=~/UserFiles/istid_Uhrehoeje_(2).JPG",,,,,,"5802",t_5802_fac_li_t,"29189471",Vesthimmerlands Kommune,"820",Vesthimmerlands Kommune,"4",FOT / Tekniske kort,"3",Gældende / Vedtaget,"1",Synlig for alle,c541f6f0-7f0a-11ea-b2c3-062b96cbb5a0,2020-04-15 13:18:01.958221+02,,2018-06-14 15:07:17.511345+02
,"5",Vandrerute,"8",Andet,Uhrehøje Plantage - Hvid rute,Myrhøj Plantage,"1",Ja,4.38,,,,,,,Vesthimmerlands Kommune,gmun@vesthimmerland.dk,"0",,"0",,"9",Ukendt,"2",Kommune,"0","0","0","0","3",Middel/Moderat,,"1",Lokal,"0","0","1",Hovedrute,"1",Ja,http://naturekspeditionen.dk/UserFiles/Myrhoej_Plantage_DK_-_Tryk.pdf,,,,,,,"5802",t_5802_fac_li_t,"29189471",Vesthimmerlands Kommune,"820",Vesthimmerlands Kommune,"4",FOT / Tekniske kort,"3",Gældende / Vedtaget,"1",Synlig for alle,c54206d6-7f0a-11ea-b2c4-062b96cbb5a0,2020-04-15 13:18:01.958221+02,,2018-06-14 15:07:17.511345+02
,"5",Vandrerute,"8",Andet,Hærvejen,Vesthimmerland,"1",Ja,0,,,,,,,Vesthimmerlands Kommune,gmun@vesthimmerland.dk,"0",,"9",Ukendt,"9",Ukendt,"2",Kommune,"0","0","0","0","2",Let,,"3",National,"0","0","1",Hovedrute,"1",Ja,,,,,,,,"5802",t_5802_fac_li_t,"29189471",Vesthimmerlands Kommune,"820",Vesthimmerlands Kommune,"4",FOT / Tekniske kort,"3",Gældende / Vedtaget,"1",Synlig for alle,c54213e2-7f0a-11ea-b2c5-062b96cbb5a0,2020-04-15 13:18:01.958221+02,,2019-03-29 10:50:13.827714+01
,"5",Vandrerute,"8",Andet,Hærvejen,Vesthimmerland,"1",Ja,0,,,,,,,Vesthimmerlands Kommune,gmun@vesthimmerland.dk,"0",,"9",Ukendt,"9",Ukendt,"2",Kommune,"0","0","0","0","2",Let,,"3",National,"0","0","1",Hovedrute,"1",Ja,,,,,,,,"5802",t_5802_fac_li_t,"29189471",Vesthimmerlands Kommune,"820",Vesthimmerlands Kommune,"4",FOT / Tekniske kort,"3",Gældende / Vedtaget,"1",Synlig for alle,c5427f3a-7f0a-11ea-b2ca-062b96cbb5a0,2020-04-15 13:18:01.958221+02,,2019-03-29 10:50:13.827714+01
,"3",Cykelrute,"8",Andet,Johannes V. Jensen,Farsø - Hvalpsund,"0",,22,,,,,,,,,"0",,"9",Ukendt,"9",Ukendt,"2",Kommune,"520781","6292245","0","0","9",Ukendt,,"1",Lokal,"0","0","1",Hovedrute,"1",Ja,http://naturekspeditionen.dk/johannes-v-jensens-cykelrejse.aspx,,,,,,,"5802",t_5802_fac_li_t,"29189471",Vesthimmerlands Kommune,"820",Vesthimmerlands Kommune,"4",FOT / Tekniske kort,"3",Gældende / Vedtaget,"1",Synlig for alle,c542951a-7f0a-11ea-b2cb-062b96cbb5a0,2020-04-15 13:18:01.958221+02,,2017-11-01 17:14:41.568873+01
,"3",Cykelrute,"8",Andet,Ertebølleruten,Vesthimmerland,"0",,48.5,,,,,,,,,"0",,"9",Ukendt,"9",Ukendt,"2",Kommune,"518069","6317130","0","0","9",Ukendt,,"2",Regional,"0","0","1",Hovedrute,"1",Ja,http://www.farsoe.dk/fileadmin/Arkiv/Billeder/Turisme/Inspiration/Kort_og_foldere/Erteboelleruten_nr._36_-_samlet_1.pdf,,,,,,,"5802",t_5802_fac_li_t,"29189471",Vesthimmerlands Kommune,"820",Vesthimmerlands Kommune,"4",FOT / Tekniske kort,"3",Gældende / Vedtaget,"1",Synlig for alle,c542a78a-7f0a-11ea-b2cc-062b96cbb5a0,2020-04-15 13:18:01.958221+02,,2017-11-01 17:14:41.568873+01
,"5",Vandrerute,"8",Andet,Uhrehøje Plantage - Rød rute,Uhrehøje Plantage,"1",Ja,0,,,,,,,Vesthimmerlands Kommune,gmun@vesthimmerland.dk,"0",,"9",Ukendt,"9",Ukendt,"1",Privat/forening,"517535","6295363","0","0","4",Svær/udfordrende,,"1",Lokal,"0","0","1",Hovedrute,"1",Ja,http://naturekspeditionen.dk/skove-i-vesthimmerland.aspx,"http://naturekspeditionen.dk/GetThumbnail.ashx?mode=1&#38;#38;width=1200&#38;#38;height=800&#38;#38;permanent=true&#38;#38;imagepath=~/UserFiles/istid_Uhrehoeje_(2).JPG",,,,,,"5802",t_5802_fac_li_t,"29189471",Vesthimmerlands Kommune,"820",Vesthimmerlands Kommune,"4",FOT / Tekniske kort,"3",Gældende / Vedtaget,"1",Synlig for alle,c542c242-7f0a-11ea-b2cd-062b96cbb5a0,2020-04-15 13:18:01.958221+02,,2018-06-14 15:07:17.511345+02
,"3",Cykelrute,"8",Andet,Plantagestien,Vesthimmerland,"0",,14.8,Fø,,,,,,,,"0",,"9",Ukendt,"9",Ukendt,"2",Kommune,"512100","6294018","0","0","9",Ukendt,,"2",Regional,"0","0","1",Hovedrute,"1",Ja,https://www.visitvesthimmerland.dk/plantagestien-cykelrute-118-gdk624035,,,,,,,"5802",t_5802_fac_li_t,"29189471",Vesthimmerlands Kommune,"820",Vesthimmerlands Kommune,"4",FOT / Tekniske kort,"3",Gældende / Vedtaget,"1",Synlig for alle,c54346ea-7f0a-11ea-b2d6-062b96cbb5a0,2020-04-15 13:18:01.958221+02,,2017-11-01 17:14:41.568873+01
,"4",Mountainbikerute,"8",Andet,Uhrehøje Mountainbike ruter,Uhrehøje Plantage,"1",Ja,0.7,,,,,,,Vesthimmerlands Kommune,gmun@vesthimmerland.dk,"0",,"9",Ukendt,"3",Ikke handicapegnet,"2",Kommune,"515779","6295127","0","0","3",Middel/Moderat,,"1",Lokal,"0","0","2",Sløjfe,"0",,,,,,,,,"5802",t_5802_fac_li_t,"29189471",Vesthimmerlands Kommune,"820",Vesthimmerlands Kommune,"3",Opmåling,"3",Gældende / Vedtaget,"1",Synlig for alle,c544227c-7f0a-11ea-b2e4-062b96cbb5a0,2020-04-15 13:18:01.958221+02,,2019-03-22 10:08:46.391599+01
,"4",Mountainbikerute,"8",Andet,Uhrehøje Mountainbike ruter,Uhrehøje Plantage,"1",Ja,0.2,,,,,,,Vesthimmerlands Kommune,gmun@vesthimmerland.dk,"0",,"9",Ukendt,"3",Ikke handicapegnet,"2",Kommune,"516488","6294962","0","0","3",Middel/Moderat,,"1",Lokal,"0","0","2",Sløjfe,"0",,,,,,,,,"5802",t_5802_fac_li_t,"29189471",Vesthimmerlands Kommune,"820",Vesthimmerlands Kommune,"3",Opmåling,"3",Gældende / Vedtaget,"1",Synlig for alle,c5443096-7f0a-11ea-b2e5-062b96cbb5a0,2020-04-15 13:18:01.958221+02,,2019-03-22 10:08:46.391599+01
,"4",Mountainbikerute,"8",Andet,Uhrehøje Mountainbike ruter,Uhrehøje Plantage,"1",Ja,11,,,,,,,Vesthimmerlands Kommune,gmun@vesthimmerland.dk,"0",,"9",Ukendt,"3",Ikke handicapegnet,"2",Kommune,"0","0","0","0","3",Middel/Moderat,,"1",Lokal,"0","0","2",Sløjfe,"0",,,,,,,,,"5802",t_5802_fac_li_t,"29189471",Vesthimmerlands Kommune,"820",Vesthimmerlands Kommune,"3",Opmåling,"3",Gældende / Vedtaget,"1",Synlig for alle,c5443d52-7f0a-11ea-b2e6-062b96cbb5a0,2020-04-15 13:18:01.958221+02,,2019-11-05 11:56:34.470504+01
,"3",Cykelrute,"8",Andet,Limfjordsruten,Vesthimmerland,"0",,0,,,,,,,,,"0",,"9",Ukendt,"9",Ukendt,"3",Staten,"523889","6317797","0","0","9",Ukendt,,"1",Lokal,"0","0","1",Hovedrute,"1",Ja,,,,,,,,"5802",t_5802_fac_li_t,"29189471",Vesthimmerlands Kommune,"820",Vesthimmerlands Kommune,"4",FOT / Tekniske kort,"3",Gældende / Vedtaget,"1",Synlig for alle,c5446fca-7f0a-11ea-b2ea-062b96cbb5a0,2020-04-15 13:18:01.958221+02,,2017-11-01 17:14:41.568873+01
,"4",Mountainbikerute,"8",Andet,Uhrehøje Mountainbike ruter,Uhrehøje Plantage,"1",Ja,11,,,,,,,Vesthimmerlands Kommune,gmun@vesthimmerland.dk,"0",,"9",Ukendt,"3",Ikke handicapegnet,"2",Kommune,"0","0","0","0","3",Middel/Moderat,,"1",Lokal,"0","0","2",Sløjfe,"0",,,,,,,,,"5802",t_5802_fac_li_t,"29189471",Vesthimmerlands Kommune,"820",Vesthimmerlands Kommune,"3",Opmåling,"3",Gældende / Vedtaget,"1",Synlig for alle,c5448de8-7f0a-11ea-b2eb-062b96cbb5a0,2020-04-15 13:18:01.958221+02,,2019-11-05 12:44:26.706988+01
,"4",Mountainbikerute,"8",Andet,Uhrehøje Mountainbike ruter,Uhrehøje Plantage,"1",Ja,11,,,,,,,Vesthimmerlands Kommune,gmun@vesthimmerland.dk,"0",,"9",Ukendt,"3",Ikke handicapegnet,"2",Kommune,"0","0","0","0","3",Middel/Moderat,,"1",Lokal,"0","0","2",Sløjfe,"0",,,,,,,,,"5802",t_5802_fac_li_t,"29189471",Vesthimmerlands Kommune,"820",Vesthimmerlands Kommune,"3",Opmåling,"3",Gældende / Vedtaget,"1",Synlig for alle,c5449bbc-7f0a-11ea-b2ec-062b96cbb5a0,2020-04-15 13:18:01.958221+02,,2019-11-05 12:44:26.706988+01
,"4",Mountainbikerute,"8",Andet,Uhrehøje Mountainbike ruter,Uhrehøje Plantage,"1",Ja,11,,,,,,,Vesthimmerlands Kommune,gmun@vesthimmerland.dk,"0",,"9",Ukendt,"3",Ikke handicapegnet,"2",Kommune,"515840","6294990","0","0","2",Let,,"1",Lokal,"0","0","1",Hovedrute,"0",,,,,,,,,"5802",t_5802_fac_li_t,"29189471",Vesthimmerlands Kommune,"820",Vesthimmerlands Kommune,"3",Opmåling,"3",Gældende / Vedtaget,"1",Synlig for alle,c544a954-7f0a-11ea-b2ed-062b96cbb5a0,2020-04-15 13:18:01.958221+02,,2019-11-05 13:03:21.449869+01
,"5",Vandrerute,"8",Andet,Lerkenfeldt ådalstien,,"3",Ukendt,10,,,,,,,Ukendt,Ukendt,"0",,"9",Ukendt,"9",Ukendt,"1",Privat/forening,"0","0","0","0","9",Ukendt,,"1",Lokal,"0","0","1",Hovedrute,"1",Ja,,,,,,,htt,"5802",t_5802_fac_li_t,"29189471",Vesthimmerlands Kommune,"820",Vesthimmerlands Kommune,"1",Ortofoto,"3",Gældende / Vedtaget,"1",Synlig for alle,c544c650-7f0a-11ea-b2ee-062b96cbb5a0,2020-04-15 13:18:01.958221+02,,2019-09-10 11:39:36.081406+02
,"5",Vandrerute,"0",,Sporet ved Lille restrup Hovedgaard,Aalestrup,"1",Ja,1.5,,,,,,,,spor@lf.dk,"0",,"9",Ukendt,"1",Handicapegnet,"1",Privat/forening,"0","0","0","0","2",Let,,"1",Lokal,"0","0","1",Hovedrute,"1",Ja,https://spor.dk/~/media/spor/gl-filer/regioner/viborg/lille-restrup-hovedgaard/lille-restrup-hovedgaard_0233.pdf,,,,,,htt,"5802",t_5802_fac_li_t,"29189471",Vesthimmerlands Kommune,"820",esthimmerlands Kommune,"1",Ortofoto,"3",Gældende / Vedtaget,"1",Synlig for alle,c544da14-7f0a-11ea-b2ef-062b96cbb5a0,2020-04-15 13:18:01.958221+02,,2019-11-07 10:29:54.126996+01
,"4",Mountainbikerute,"8",Andet,Uhrehøje Mountainbike ruter,Uhrehøje Plantage,"1",Ja,1.2,,,,,,,Vesthimmerlands Kommune,gmun@vesthimmerland.dk,"0",,"9",Ukendt,"3",Ikke handicapegnet,"2",Kommune,"517348","6295611","0","0","3",Middel/Moderat,,"1",Lokal,"0","0","2",Sløjfe,"0",,,,,,,,,"5802",t_5802_fac_li_t,"29189471",Vesthimmerlands Kommune,"820",Vesthimmerlands Kommune,"3",Opmåling,"3",Gældende / Vedtaget,"1",Synlig for alle,c544e900-7f0a-11ea-b2f0-062b96cbb5a0,2020-04-15 13:18:01.958221+02,,2019-03-22 10:08:46.391599+01
,"5",Vandrerute,"8",Andet,Uhrehøje Plantage - Gul rute,Uhrehøje Plantage,"1",Ja,0,,,,,,,Vesthimmerlands Kommune,gmun@vesthimmerland.dk,"0",,"9",Ukendt,"9",Ukendt,"2",Kommune,"516231","6295279","0","0","4",Svær/udfordrende,,"1",Lokal,"0","0","1",Hovedrute,"1",Ja,http://naturekspeditionen.dk/skove-i-vesthimmerland.aspx,"http://naturekspeditionen.dk/GetThumbnail.ashx?mode=1&#38;#38;width=1200&#38;#38;height=800&#38;#38;permanent=true&#38;#38;imagepath=~/UserFiles/istid_Uhrehoeje_(2).JPG",,,,,,"5802",t_5802_fac_li_t,"29189471",Vesthimmerlands Kommune,"820",Vesthimmerlands Kommune,"4",FOT / Tekniske kort,"3",Gældende / Vedtaget,"1",Synlig for alle,c544f8fa-7f0a-11ea-b2f1-062b96cbb5a0,2020-04-15 13:18:01.958221+02,,2018-06-14 15:07:17.511345+02
,"4",Mountainbikerute,"8",Andet,Uhrehøje Mountainbike ruter,Uhrehøje Plantage,"1",Ja,11,,,,,,,Vesthimmerlands Kommune,gmun@vesthimmerland.dk,"0",,"9",Ukendt,"3",Ikke handicapegnet,"2",Kommune,"515840","6294990","0","0","3",Middel/Moderat,,"1",Lokal,"0","0","2",Sløjfe,"0",,,,,,,,,"5802",t_5802_fac_li_t,"29189471",Vesthimmerlands Kommune,"820",Vesthimmerlands Kommune,"3",Opmåling,"3",Gældende / Vedtaget,"1",Synlig for alle,c5450b6a-7f0a-11ea-b2f2-062b96cbb5a0,2020-04-15 13:18:01.958221+02,,2019-11-05 13:03:21.449869+01
,"9",Sejlrute,"0",,Kajakrute Limfjord,,"0",Nej,0,Lø,"Startsted:
Løgstør Roklub. Isætning kan ske fra roklubbens rampe
Slutsted:
Udsigtspunkt ved Stenaldercentret (GPS: 56.810619°, 9.173704°) (her skal kajakken løftes op af en skrænt) eller for enden af Gamle Møllevej (56.805879°, 9.169324",,,,,Dansk Kano og Kajak Forbund,"dkf@kano-kajak.dk, 43 26 20 94","0",,"0",,"3",Ikke handicapegnet,"1",Privat/forening,"0","0","0","0","0",,,"0",,"0","0","0",,"0",,,,,,,,htt,"5802",t_5802_fac_li_t,"29189471",Vesthimmerlands Kommune,"820",Koudal,"0",Ikke udfyldt,"3",Gældende / Vedtaget,"1",Synlig for alle,c54ff142-7f0a-11ea-b361-062b96cbb5a0,2020-04-15 13:18:01.958221+02,,2020-01-24 12:16:59.098381+01
,"9",Sejlrute,"0",,Kajakrute Limfjord,,"0",Nej,0,Li,"Startsted:
Livø Havn – lige syd herfor er en fin sandstrand til at gå i med kajak (GPS: 56.886110°, 9.089651°)

Rønbjerg havn: Der er flere steder, hvor det er egnet til at sætte kajakken i vandet (GPS: 56.891426°, 9.166145°)
Slutsted:",,,,,Dansk Kano og Kajak Forbund,"dkf@kano-kajak.dk, 43 26 20 94","0",,"0",,"3",Ikke handicapegnet,"1",Privat/forening,"0","0","0","0","0",,,"0",,"0","0","0",,"0",,,,,,,,htt,"5802",t_5802_fac_li_t,"29189471",Vesthimmerlands Kommune,"820",Koudal,"0",Ikke udfyldt,"3",Gældende / Vedtaget,"1",Synlig for alle,c55d06ac-7f0a-11ea-b406-062b96cbb5a0,2020-04-15 13:18:01.958221+02,,2020-01-24 12:16:59.098381+01
,"5",Vandrerute,"0",,Aars Skov Vandrerute,,"1",Ja,0,Va,Siden 1980 er Aars Skov langsomt men sikkert blevet udvidet og er i dag på 185 ha . Skoven ligger umiddelbart nord for Aars by imellem Aggersundvej og Blærevej. Cykelstien imellem Aars og Blære fører direkte igennem skoven. Skoven har a,,,,,Naturstyrelsen - Himmerland,"HIM@nst.dk, 72 54 30 00","0",,"0",,"3",Ikke handicapegnet,"3",Staten,"0","0","0","0","0",,,"0",,"0","0","0",,"0",,,,,,,,htt,"5802",t_5802_fac_li_t,"29189471",Vesthimmerlands Kommune,"820",Koudal,"0",Ikke udfyldt,"3",Gældende / Vedtaget,"1",Synlig for alle,c56ca7b0-7f0a-11ea-b50f-062b96cbb5a0,2020-04-15 13:18:01.958221+02,,2020-01-24 12:16:59.098381+01
,"3",Cykelrute,"0",,"Vilsted Sø, Cykelsti 24 km",,"1",Ja,0,Cy,"Vilsted Sø er et fantastisk rekreativet område med mange muligheder for et aktivt friluftsliv. </p>
Der er anlagt en bro over søen, så man kan vælge turen nord om søen på 12,5 km eller syd om søen på 13,5 km, hvis man ikke ønsker at cyk",,,,,Naturstyrelsen - Himmerland,"HIM@nst.dk, 72 54 30 00","0",,"0",,"3",Ikke handicapegnet,"3",Staten,"0","0","0","0","0",,,"0",,"0","0","0",,"0",,,,,,,,htt,"5802",t_5802_fac_li_t,"29189471",Vesthimmerlands Kommune,"820",Koudal,"0",Ikke udfyldt,"3",Gældende / Vedtaget,"1",Synlig for alle,c56f08a2-7f0a-11ea-b53c-062b96cbb5a0,2020-04-15 13:18:01.958221+02,,2020-01-24 12:16:59.098381+01
,"5",Vandrerute,"0",,"Vilsted Sø, vandrerute, 20 km",,"1",Ja,0,Va,"Vilsted Sø er et fantastisk rekreativt område med mange muligheder for et aktivt friluftsliv. <br>
Der er anlagt en bro over søen, så man kan vælge enten den nordlige rundtur på 12 km eller den sydlige på 10,5 km, hvis man ikke ønsker a",,,,,Naturstyrelsen - Himmerland,"HIM@nst.dk, 72 54 30 00","0",,"0",,"3",Ikke handicapegnet,"3",Staten,"0","0","0","0","0",,,"0",,"0","0","0",,"0",,,,,,,,htt,"5802",t_5802_fac_li_t,"29189471",Vesthimmerlands Kommune,"820",Koudal,"0",Ikke udfyldt,"3",Gældende / Vedtaget,"1",Synlig for alle,c56f4a10-7f0a-11ea-b53e-062b96cbb5a0,2020-04-15 13:18:01.958221+02,,2020-01-24 12:16:59.098381+01
,"8",Riderute,"0",,Aars Skov Ridesti,,"1",Ja,0,Ri,"Rideruten er markeret med gul hestesko. <br>

Siden 1980 er Aars Skov langsomt men sikkert blevet udvidet og bliver fortsat udvidet. Skoven ligger umiddelbart nord for Aars by imellem Aggersundvej og Blærevej. Cykelstien imellem Aars og",,,,,Naturstyrelsen - Himmerland,"HIM@nst.dk, 72 54 30 00","0",,"0",,"3",Ikke handicapegnet,"3",Staten,"0","0","0","0","0",,,"0",,"0","0","0",,"0",,,,,,,,htt,"5802",t_5802_fac_li_t,"29189471",Vesthimmerlands Kommune,"820",Koudal,"0",Ikke udfyldt,"3",Gældende / Vedtaget,"1",Synlig for alle,c56f8e4e-7f0a-11ea-b541-062b96cbb5a0,2020-04-15 13:18:01.958221+02,,2020-01-24 12:16:59.098381+01
,"8",Riderute,"0",,"Vilsted Sø, Ridesti",,"0",Nej,0,Ri,"Vilsted Sø er et fantastisk rekreativt område med mange muligheder for et aktivt friluftsliv.<br />

Parkering med hestetrailer er muligt på P-pladsen ved Vilsted (P8), Hobrovej 160, 9670 Løgstør eller ved Ranum, (P1), Kærvej 14, 9681 R",,,,,Naturstyrelsen - Himmerland,"HIM@nst.dk, 72 54 30 00","0",,"0",,"3",Ikke handicapegnet,"3",Staten,"0","0","0","0","0",,,"0",,"0","0","0",,"0",,,,,,,,htt,"5802",t_5802_fac_li_t,"29189471",Vesthimmerlands Kommune,"820",Koudal,"0",Ikke udfyldt,"3",Gældende / Vedtaget,"1",Synlig for alle,c56fb00e-7f0a-11ea-b543-062b96cbb5a0,2020-04-15 13:18:01.958221+02,,2020-01-24 12:16:59.098381+01
,"5",Vandrerute,"0",,"Livø Vandrerute, ca. 10 km",,"1",Ja,0,Va,Livø er berømt for sin meget varierede natur. Næsten alle almindelige danske naturtyper findes på øen. At man på kun godt 300 ha kan have en så varieret natur er unikt! Omkring en tredjedel af øen drives som økologisk landbrug. En anden,,,,,Naturstyrelsen - Himmerland,"HIM@nst.dk, 72 54 30 00","0",,"0",,"3",Ikke handicapegnet,"3",Staten,"0","0","0","0","0",,,"0",,"0","0","0",,"0",,,,,,,,htt,"5802",t_5802_fac_li_t,"29189471",Vesthimmerlands Kommune,"820",Koudal,"0",Ikke udfyldt,"3",Gældende / Vedtaget,"1",Synlig for alle,c56fc698-7f0a-11ea-b544-062b96cbb5a0,2020-04-15 13:18:01.958221+02,,2020-01-24 12:16:59.098381+01
,"5",Vandrerute,"0",,"Navn sø, vandrerute",,"1",Ja,0,Va,"Rundt om hele søen er der etableret en gangsti som flittigt benyttes af lystfiskere, badegæster og naturvandrere.  <br>

Navnsø og dens omgivelser (ca. 100 ha) er fredet og ligger som en bevaret rest af de store hedeområder, der i forri",,,,,Naturstyrelsen - Himmerland,"HIM@nst.dk, 72 54 30 00","0",,"0",,"3",Ikke handicapegnet,"3",Staten,"0","0","0","0","0",,,"0",,"0","0","0",,"0",,,,,,,,,"5802",t_5802_fac_li_t,"29189471",Vesthimmerlands Kommune,"820",Koudal,"0",Ikke udfyldt,"3",Gældende / Vedtaget,"1",Synlig for alle,c57032b8-7f0a-11ea-b548-062b96cbb5a0,2020-04-15 13:18:01.958221+02,,2020-01-24 12:16:59.098381+01
,"5",Vandrerute,"0",,Sporet ved Lille Restrup Hovedgaard,,"1",Ja,0,Sp,"<p><strong>Sporet ved Lille Restrup Hovedgaard</strong></p>
<p><em>Spor i Landskabet er trampestier, der over hele landet, giver adgang til områder, som ellers ikke er tilgængelige for offentligheden. En folder om sporet findes i folder",,,,,Spor i Landskabet,"spor@lf.dk, 33394000","0",,"0",,"3",Ikke handicapegnet,"1",Privat/forening,"0","0","0","0","0",,,"0",,"0","0","0",,"0",,,,,,,,htt,"5802",t_5802_fac_li_t,"29189471",Vesthimmerlands Kommune,"820",Koudal,"0",Ikke udfyldt,"3",Gældende / Vedtaget,"1",Synlig for alle,c5a459ee-7f0a-11ea-b88e-062b96cbb5a0,2020-04-15 13:18:01.958221+02,,2020-01-24 12:16:59.098381+01
,"5",Vandrerute,"0",,"Sporet ved Paradiset, Gedsted",,"1",Ja,0,Sp,"<p><strong>Sporet ved Paradiset, Gedsted</strong></p>
<p><em>Spor i Landskabet er trampestier, der over hele landet, giver adgang til områder, som ellers ikke er tilgængelige for offentligheden. En folder om sporet findes i folderkassen",,,,,Spor i Landskabet,"spor@lf.dk, 33394000","0",,"0",,"3",Ikke handicapegnet,"1",Privat/forening,"0","0","0","0","0",,,"0",,"0","0","0",,"0",,,,,,,,htt,"5802",t_5802_fac_li_t,"29189471",Vesthimmerlands Kommune,"820",Koudal,"0",Ikke udfyldt,"3",Gældende / Vedtaget,"1",Synlig for alle,c5a47528-7f0a-11ea-b890-062b96cbb5a0,2020-04-15 13:18:01.958221+02,,2020-01-24 12:16:59.098381+01
,"5",Vandrerute,"0",,Sporet ved Testrupgaard,,"1",Ja,0,Sp,"<p><strong>Sporet ved Testrupgaard</strong></p>
<p><em>Spor i Landskabet er trampestier, der over hele landet, giver adgang til områder, som ellers ikke er tilgængelige for offentligheden. En folder om sporet findes i folderkassen ved s",,,,,Spor i Landskabet,"spor@lf.dk, 33394000","0",,"0",,"3",Ikke handicapegnet,"1",Privat/forening,"0","0","0","0","0",,,"0",,"0","0","0",,"0",,,,,,,,htt,"5802",t_5802_fac_li_t,"29189471",Vesthimmerlands Kommune,"820",Koudal,"0",Ikke udfyldt,"3",Gældende / Vedtaget,"1",Synlig for alle,c5a49922-7f0a-11ea-b893-062b96cbb5a0,2020-04-15 13:18:01.958221+02,,2020-01-24 12:16:59.098381+01
,"3",Cykelrute,"0",,Rute Rute R35 Himmerlandsstien (69 km),,"1",Ja,0,Re,"Himmerlandsstien er 69 km lang og løber fra Løgstrup ved Viborg til Løgstør og er anlagt på den nedlagte banestrækning mellem Viborg og Løgstør.
<br /><br />
Der er adgang for både cyklister, vandrere og ryttere. Stien er belagt med ste",,,,,Viborg Kommune,"naturogvand@viborg.dk, 87878787","0",,"0",,"3",Ikke handicapegnet,"2",Kommune,"0","0","0","0","0",,,"0",,"0","0","0",,"0",,,,,,,,htt,"5802",t_5802_fac_li_t,"29189471",Vesthimmerlands Kommune,"820",Koudal,"0",Ikke udfyldt,"3",Gældende / Vedtaget,"1",Synlig for alle,c5b243f6-7f0a-11ea-b939-062b96cbb5a0,2020-04-15 13:18:01.958221+02,,2020-01-24 12:16:59.098381+01
